Workbook

Sheet Risk Register
A1: Ubuntu Innovations (Pty) Ltd - Risk Assessment Matrix
A2: Blue cells are inputs (use the dropdowns for Likelihood/Impact). Scores and ratings recalculate automatically from the Scoring Scale sheet.
A4: ID | B4: Risk | C4: Description | D4: Likelihood | E4: Impact | F4: Risk Score | G4: Rating | H4: Mitigation | I4: Residual Likelihood | J4: Residual Impact | K4: Residual Score | L4: Residual Rating | M4: Owner
A5: R1 | B5: Phishing | C5: Staff tricked into revealing credentials or opening malicious links/attachments | D5: High | E5: High | F5: =INDEX('Scoring Scale'!$B$5:$B$7,MATCH(D5,'Scoring Scale'!$A$5:$A$7,0))*INDEX('Scoring Scale'!$B$5:$B$7,MATCH(E5,'Scoring Scale'!$A$5:$A$7,0)) -> 9 | G5: =INDEX('Scoring Scale'!$A$12:$A$15,MATCH(F5,'Scoring Scale'!$B$12:$B$15,1)) -> Critical | H5: Awareness training with simulated phishing; email filtering; MFA on all accounts; simple way to report suspicious email | I5: Medium | J5: Medium | K5: =INDEX('Scoring Scale'!$B$5:$B$7,MATCH(I5,'Scoring Scale'!$A$5:$A$7,0))*INDEX('Scoring Scale'!$B$5:$B$7,MATCH(J5,'Scoring Scale'!$A$5:$A$7,0)) -> 4 | L5: =INDEX('Scoring Scale'!$A$12:$A$15,MATCH(K5,'Scoring Scale'!$B$12:$B$15,1)) -> Medium | M5: IT Support / HR
A6: R2 | B6: Ransomware | C6: Malware encrypts workstations and the NAS, halting operations and demanding payment | D6: Medium | E6: High | F6: =INDEX('Scoring Scale'!$B$5:$B$7,MATCH(D6,'Scoring Scale'!$A$5:$A$7,0))*INDEX('Scoring Scale'!$B$5:$B$7,MATCH(E6,'Scoring Scale'!$A$5:$A$7,0)) -> 6 | G6: =INDEX('Scoring Scale'!$A$12:$A$15,MATCH(F6,'Scoring Scale'!$B$12:$B$15,1)) -> High | H6: Endpoint protection/EDR; daily incremental, weekly full and offsite cloud backups (incl. an offline/immutable copy); patching; least-privilege folder access | I6: Low | J6: High | K6: =INDEX('Scoring Scale'!$B$5:$B$7,MATCH(I6,'Scoring Scale'!$A$5:$A$7,0))*INDEX('Scoring Scale'!$B$5:$B$7,MATCH(J6,'Scoring Scale'!$A$5:$A$7,0)) -> 3 | L6: =INDEX('Scoring Scale'!$A$12:$A$15,MATCH(K6,'Scoring Scale'!$B$12:$B$15,1)) -> Medium | M6: IT Support
A7: R3 | B7: Hardware failure | C7: Failure of a PC, NAS disk, switch, router or access point | D7: Medium | E7: Medium | F7: =INDEX('Scoring Scale'!$B$5:$B$7,MATCH(D7,'Scoring Scale'!$A$5:$A$7,0))*INDEX('Scoring Scale'!$B$5:$B$7,MATCH(E7,'Scoring Scale'!$A$5:$A$7,0)) -> 4 | G7: =INDEX('Scoring Scale'!$A$12:$A$15,MATCH(F7,'Scoring Scale'!$B$12:$B$15,1)) -> Medium | H7: RAID on NAS; spare switch/power supply; warranty and support contracts; standard PC image for fast replacement | I7: Low | J7: Medium | K7: =INDEX('Scoring Scale'!$B$5:$B$7,MATCH(I7,'Scoring Scale'!$A$5:$A$7,0))*INDEX('Scoring Scale'!$B$5:$B$7,MATCH(J7,'Scoring Scale'!$A$5:$A$7,0)) -> 2 | L7: =INDEX('Scoring Scale'!$A$12:$A$15,MATCH(K7,'Scoring Scale'!$B$12:$B$15,1)) -> Low | M7: IT Support
A8: R4 | B8: Power outage / load shedding | C8: Loss of mains power damaging equipment or interrupting work | D8: Medium | E8: High | F8: =INDEX('Scoring Scale'!$B$5:$B$7,MATCH(D8,'Scoring Scale'!$A$5:$A$7,0))*INDEX('Scoring Scale'!$B$5:$B$7,MATCH(E8,'Scoring Scale'!$A$5:$A$7,0)) -> 6 | G8: =INDEX('Scoring Scale'!$A$12:$A$15,MATCH(F8,'Scoring Scale'!$B$12:$B$15,1)) -> High | H8: 2 x 1500VA UPS for router, switch and NAS; safe-shutdown configuration; consider inverter/generator backup | I8: Low | J8: Medium | K8: =INDEX('Scoring Scale'!$B$5:$B$7,MATCH(I8,'Scoring Scale'!$A$5:$A$7,0))*INDEX('Scoring Scale'!$B$5:$B$7,MATCH(J8,'Scoring Scale'!$A$5:$A$7,0)) -> 2 | L8: =INDEX('Scoring Scale'!$A$12:$A$15,MATCH(K8,'Scoring Scale'!$B$12:$B$15,1)) -> Low | M8: IT Support / Management
A9: R5 | B9: Weak or compromised passwords | C9: Guessable, reused or stolen passwords give attackers account access | D9: Medium | E9: High | F9: =INDEX('Scoring Scale'!$B$5:$B$7,MATCH(D9,'Scoring Scale'!$A$5:$A$7,0))*INDEX('Scoring Scale'!$B$5:$B$7,MATCH(E9,'Scoring Scale'!$A$5:$A$7,0)) -> 6 | G9: =INDEX('Scoring Scale'!$A$12:$A$15,MATCH(F9,'Scoring Scale'!$B$12:$B$15,1)) -> High | H9: Password complexity policy; MFA; password manager; account lockout; disable accounts promptly on exit | I9: Low | J9: Medium | K9: =INDEX('Scoring Scale'!$B$5:$B$7,MATCH(I9,'Scoring Scale'!$A$5:$A$7,0))*INDEX('Scoring Scale'!$B$5:$B$7,MATCH(J9,'Scoring Scale'!$A$5:$A$7,0)) -> 2 | L9: =INDEX('Scoring Scale'!$A$12:$A$15,MATCH(K9,'Scoring Scale'!$B$12:$B$15,1)) -> Low | M9: IT Support
A10: R6 | B10: Lost or stolen laptop | C10: Loss of one of the 5 management laptops exposes company data | D10: Medium | E10: High | F10: =INDEX('Scoring Scale'!$B$5:$B$7,MATCH(D10,'Scoring Scale'!$A$5:$A$7,0))*INDEX('Scoring Scale'!$B$5:$B$7,MATCH(E10,'Scoring Scale'!$A$5:$A$7,0)) -> 6 | G10: =INDEX('Scoring Scale'!$A$12:$A$15,MATCH(F10,'Scoring Scale'!$B$12:$B$15,1)) -> High | H10: Full-disk encryption; screen lock; remote wipe; asset register; no local-only data storage | I10: Medium | J10: Low | K10: =INDEX('Scoring Scale'!$B$5:$B$7,MATCH(I10,'Scoring Scale'!$A$5:$A$7,0))*INDEX('Scoring Scale'!$B$5:$B$7,MATCH(J10,'Scoring Scale'!$A$5:$A$7,0)) -> 2 | L10: =INDEX('Scoring Scale'!$A$12:$A$15,MATCH(K10,'Scoring Scale'!$B$12:$B$15,1)) -> Low | M10: IT Support / Management
A11: R7 | B11: Unpatched or outdated software | C11: Known vulnerabilities left open on operating systems and applications | D11: High | E11: Medium | F11: =INDEX('Scoring Scale'!$B$5:$B$7,MATCH(D11,'Scoring Scale'!$A$5:$A$7,0))*INDEX('Scoring Scale'!$B$5:$B$7,MATCH(E11,'Scoring Scale'!$A$5:$A$7,0)) -> 6 | G11: =INDEX('Scoring Scale'!$A$12:$A$15,MATCH(F11,'Scoring Scale'!$B$12:$B$15,1)) -> High | H11: Scheduled patch management; automatic OS and antivirus updates; monthly patch review | I11: Low | J11: Medium | K11: =INDEX('Scoring Scale'!$B$5:$B$7,MATCH(I11,'Scoring Scale'!$A$5:$A$7,0))*INDEX('Scoring Scale'!$B$5:$B$7,MATCH(J11,'Scoring Scale'!$A$5:$A$7,0)) -> 2 | L11: =INDEX('Scoring Scale'!$A$12:$A$15,MATCH(K11,'Scoring Scale'!$B$12:$B$15,1)) -> Low | M11: IT Support
A12: R8 | B12: Internet / ISP outage | C12: Loss of connectivity affecting email, cloud tools and offsite backups | D12: Medium | E12: Medium | F12: =INDEX('Scoring Scale'!$B$5:$B$7,MATCH(D12,'Scoring Scale'!$A$5:$A$7,0))*INDEX('Scoring Scale'!$B$5:$B$7,MATCH(E12,'Scoring Scale'!$A$5:$A$7,0)) -> 4 | G12: =INDEX('Scoring Scale'!$A$12:$A$15,MATCH(F12,'Scoring Scale'!$B$12:$B$15,1)) -> Medium | H12: Fibre SLA with the ISP; 4G/5G failover on the router; offline-capable cloud tools | I12: Low | J12: Medium | K12: =INDEX('Scoring Scale'!$B$5:$B$7,MATCH(I12,'Scoring Scale'!$A$5:$A$7,0))*INDEX('Scoring Scale'!$B$5:$B$7,MATCH(J12,'Scoring Scale'!$A$5:$A$7,0)) -> 2 | L12: =INDEX('Scoring Scale'!$A$12:$A$15,MATCH(K12,'Scoring Scale'!$B$12:$B$15,1)) -> Low | M12: IT Support
A13: R9 | B13: Accidental deletion / human error | C13: Files deleted or overwritten by mistake | D13: Medium | E13: Medium | F13: =INDEX('Scoring Scale'!$B$5:$B$7,MATCH(D13,'Scoring Scale'!$A$5:$A$7,0))*INDEX('Scoring Scale'!$B$5:$B$7,MATCH(E13,'Scoring Scale'!$A$5:$A$7,0)) -> 4 | G13: =INDEX('Scoring Scale'!$A$12:$A$15,MATCH(F13,'Scoring Scale'!$B$12:$B$15,1)) -> Medium | H13: NAS snapshots; file version history; restricted write permissions; tested restore procedure | I13: Low | J13: Low | K13: =INDEX('Scoring Scale'!$B$5:$B$7,MATCH(I13,'Scoring Scale'!$A$5:$A$7,0))*INDEX('Scoring Scale'!$B$5:$B$7,MATCH(J13,'Scoring Scale'!$A$5:$A$7,0)) -> 1 | L13: =INDEX('Scoring Scale'!$A$12:$A$15,MATCH(K13,'Scoring Scale'!$B$12:$B$15,1)) -> Low | M13: IT Support
A14: R10 | B14: Unauthorised access / insider threat | C14: Staff accessing data outside their department or misusing privileges | D14: Low | E14: High | F14: =INDEX('Scoring Scale'!$B$5:$B$7,MATCH(D14,'Scoring Scale'!$A$5:$A$7,0))*INDEX('Scoring Scale'!$B$5:$B$7,MATCH(E14,'Scoring Scale'!$A$5:$A$7,0)) -> 3 | G14: =INDEX('Scoring Scale'!$A$12:$A$15,MATCH(F14,'Scoring Scale'!$B$12:$B$15,1)) -> Medium | H14: Department security groups (least privilege); audit logging on Finance and HR folders; onboarding/offboarding checklist | I14: Low | J14: Medium | K14: =INDEX('Scoring Scale'!$B$5:$B$7,MATCH(I14,'Scoring Scale'!$A$5:$A$7,0))*INDEX('Scoring Scale'!$B$5:$B$7,MATCH(J14,'Scoring Scale'!$A$5:$A$7,0)) -> 2 | L14: =INDEX('Scoring Scale'!$A$12:$A$15,MATCH(K14,'Scoring Scale'!$B$12:$B$15,1)) -> Low | M14: IT Support / HR
A15: R11 | B15: Personal data breach (POPIA) | C15: Exposure of HR and Finance personal information, with legal and reputational impact | D15: Low | E15: High | F15: =INDEX('Scoring Scale'!$B$5:$B$7,MATCH(D15,'Scoring Scale'!$A$5:$A$7,0))*INDEX('Scoring Scale'!$B$5:$B$7,MATCH(E15,'Scoring Scale'!$A$5:$A$7,0)) -> 3 | G15: =INDEX('Scoring Scale'!$A$12:$A$15,MATCH(F15,'Scoring Scale'!$B$12:$B$15,1)) -> Medium | H15: Encryption at rest and in transit; restricted HR/Finance folders; Incident Response Plan with breach-notification steps | I15: Low | J15: Medium | K15: =INDEX('Scoring Scale'!$B$5:$B$7,MATCH(I15,'Scoring Scale'!$A$5:$A$7,0))*INDEX('Scoring Scale'!$B$5:$B$7,MATCH(J15,'Scoring Scale'!$A$5:$A$7,0)) -> 2 | L15: =INDEX('Scoring Scale'!$A$12:$A$15,MATCH(K15,'Scoring Scale'!$B$12:$B$15,1)) -> Low | M15: Management / IT Support
A16: R12 | B16: Physical theft / unauthorised office access | C16: Equipment stolen or comms room accessed by unauthorised people | D16: Low | E16: Medium | F16: =INDEX('Scoring Scale'!$B$5:$B$7,MATCH(D16,'Scoring Scale'!$A$5:$A$7,0))*INDEX('Scoring Scale'!$B$5:$B$7,MATCH(E16,'Scoring Scale'!$A$5:$A$7,0)) -> 2 | G16: =INDEX('Scoring Scale'!$A$12:$A$15,MATCH(F16,'Scoring Scale'!$B$12:$B$15,1)) -> Low | H16: Lockable comms cabinet for router, switch and NAS; entrance access control; visitor log | I16: Low | J16: Low | K16: =INDEX('Scoring Scale'!$B$5:$B$7,MATCH(I16,'Scoring Scale'!$A$5:$A$7,0))*INDEX('Scoring Scale'!$B$5:$B$7,MATCH(J16,'Scoring Scale'!$A$5:$A$7,0)) -> 1 | L16: =INDEX('Scoring Scale'!$A$12:$A$15,MATCH(K16,'Scoring Scale'!$B$12:$B$15,1)) -> Low | M16: Management

Sheet Scoring Scale
A1: Scoring Scale
A2: Risk score = Likelihood x Impact. Blue values are inputs; the Risk Register looks them up from here.
A4: Level | B4: Value
A5: Low | B5: 1
A6: Medium | B6: 2
A7: High | B7: 3
A10: Rating bands (minimum score)
A11: Rating | B11: Min score | C11: Response
A12: Low | B12: 1 | C12: Accept and monitor
A13: Medium | B13: 3 | C13: Mitigate within normal operations
A14: High | B14: 6 | C14: Mitigate as a priority
A15: Critical | B15: 9 | C15: Immediate, top-priority controls
A17: Likelihood and impact descriptions
A18: Assumption: ratings for R1-R4 follow the capstone brief; R5-R12 are additional risks identified for a 25-user Cape Town office.

Sheet Heat Map
A1: Risk Heat Maps
A2: Risk IDs are pulled from the Risk Register automatically. Cell colour shows the rating of that Likelihood x Impact combination.
A4: Inherent risk (before mitigation)
A5: Likelihood \ Impact | B5: Low | C5: Medium | D5: High
A6: High | B6: =SUBSTITUTE(TRIM(IF(AND('Risk Register'!$D$5="High",'Risk Register'!$E$5="Low"),'Risk Register'!$A$5&" ","")&IF(AND('Risk Register'!$D$6="High",'Risk Register'!$E$6="Low"),'Risk Register'!$A$6&" ","")&IF(AND('Risk Register'!$D$7="High",'Risk Register'!$E$7="Low"),'Risk Register'!$A$7&" ","")&IF(AND('Risk Register'!$D$8="High",'Risk Register'!$E$8="Low"),'Risk Register'!$A$8&" ","")&IF(AND('Risk Register'!$D$9="High",'Risk Register'!$E$9="Low"),'Risk Register'!$A$9&" ","")&IF(AND('Risk Register'!$D$10="High",'Risk Register'!$E$10="Low"),'Risk Register'!$A$10&" ","")&IF(AND('Risk Register'!$D$11="High",'Risk Register'!$E$11="Low"),'Risk Register'!$A$11&" ","")&IF(AND('Risk Register'!$D$12="High",'Risk Register'!$E$12="Low"),'Risk Register'!$A$12&" ","")&IF(AND('Risk Register'!$D$13="High",'Risk Register'!$E$13="Low"),'Risk Register'!$A$13&" ","")&IF(AND('Risk Register'!$D$14="High",'Risk Register'!$E$14="Low"),'Risk Register'!$A$14&" ","")&IF(AND('Risk Register'!$D$15="High",'Risk Register'!$E$15="Low"),'Risk Register'!$A$15&" ","")&IF(AND('Risk Register'!$D$16="High",'Risk Register'!$E$16="Low"),'Risk Register'!$A$16&" ",""))," ",", ") | C6: =SUBSTITUTE(TRIM(IF(AND('Risk Register'!$D$5="High",'Risk Register'!$E$5="Medium"),'Risk Register'!$A$5&" ","")&IF(AND('Risk Register'!$D$6="High",'Risk Register'!$E$6="Medium"),'Risk Register'!$A$6&" ","")&IF(AND('Risk Register'!$D$7="High",'Risk Register'!$E$7="Medium"),'Risk Register'!$A$7&" ","")&IF(AND('Risk Register'!$D$8="High",'Risk Register'!$E$8="Medium"),'Risk Register'!$A$8&" ","")&IF(AND('Risk Register'!$D$9="High",'Risk Register'!$E$9="Medium"),'Risk Register'!$A$9&" ","")&IF(AND('Risk Register'!$D$10="High",'Risk Register'!$E$10="Medium"),'Risk Register'!$A$10&" ","")&IF(AND('Risk Register'!$D$11="High",'Risk Register'!$E$11="Medium"),'Risk Register'!$A$11&" ","")&IF(AND('Risk Register'!$D$12="High",'Risk Register'!$E$12="Medium"),'Risk Register'!$A$12&" ","")&IF(AND('Risk Register'!$D$13="High",'Risk Register'!$E$13="Medium"),'Risk Register'!$A$13&" ","")&IF(AND('Risk Register'!$D$14="High",'Risk Register'!$E$14="Medium"),'Risk Register'!$A$14&" ","")&IF(AND('Risk Register'!$D$15="High",'Risk Register'!$E$15="Medium"),'Risk Register'!$A$15&" ","")&IF(AND('Risk Register'!$D$16="High",'Risk Register'!$E$16="Medium"),'Risk Register'!$A$16&" ",""))," ",", ") -> R7 | D6: =SUBSTITUTE(TRIM(IF(AND('Risk Register'!$D$5="High",'Risk Register'!$E$5="High"),'Risk Register'!$A$5&" ","")&IF(AND('Risk Register'!$D$6="High",'Risk Register'!$E$6="High"),'Risk Register'!$A$6&" ","")&IF(AND('Risk Register'!$D$7="High",'Risk Register'!$E$7="High"),'Risk Register'!$A$7&" ","")&IF(AND('Risk Register'!$D$8="High",'Risk Register'!$E$8="High"),'Risk Register'!$A$8&" ","")&IF(AND('Risk Register'!$D$9="High",'Risk Register'!$E$9="High"),'Risk Register'!$A$9&" ","")&IF(AND('Risk Register'!$D$10="High",'Risk Register'!$E$10="High"),'Risk Register'!$A$10&" ","")&IF(AND('Risk Register'!$D$11="High",'Risk Register'!$E$11="High"),'Risk Register'!$A$11&" ","")&IF(AND('Risk Register'!$D$12="High",'Risk Register'!$E$12="High"),'Risk Register'!$A$12&" ","")&IF(AND('Risk Register'!$D$13="High",'Risk Register'!$E$13="High"),'Risk Register'!$A$13&" ","")&IF(AND('Risk Register'!$D$14="High",'Risk Register'!$E$14="High"),'Risk Register'!$A$14&" ","")&IF(AND('Risk Register'!$D$15="High",'Risk Register'!$E$15="High"),'Risk Register'!$A$15&" ","")&IF(AND('Risk Register'!$D$16="High",'Risk Register'!$E$16="High"),'Risk Register'!$A$16&" ",""))," ",", ") -> R1
A7: Medium | B7: =SUBSTITUTE(TRIM(IF(AND('Risk Register'!$D$5="Medium",'Risk Register'!$E$5="Low"),'Risk Register'!$A$5&" ","")&IF(AND('Risk Register'!$D$6="Medium",'Risk Register'!$E$6="Low"),'Risk Register'!$A$6&" ","")&IF(AND('Risk Register'!$D$7="Medium",'Risk Register'!$E$7="Low"),'Risk Register'!$A$7&" ","")&IF(AND('Risk Register'!$D$8="Medium",'Risk Register'!$E$8="Low"),'Risk Register'!$A$8&" ","")&IF(AND('Risk Register'!$D$9="Medium",'Risk Register'!$E$9="Low"),'Risk Register'!$A$9&" ","")&IF(AND('Risk Register'!$D$10="Medium",'Risk Register'!$E$10="Low"),'Risk Register'!$A$10&" ","")&IF(AND('Risk Register'!$D$11="Medium",'Risk Register'!$E$11="Low"),'Risk Register'!$A$11&" ","")&IF(AND('Risk Register'!$D$12="Medium",'Risk Register'!$E$12="Low"),'Risk Register'!$A$12&" ","")&IF(AND('Risk Register'!$D$13="Medium",'Risk Register'!$E$13="Low"),'Risk Register'!$A$13&" ","")&IF(AND('Risk Register'!$D$14="Medium",'Risk Register'!$E$14="Low"),'Risk Register'!$A$14&" ","")&IF(AND('Risk Register'!$D$15="Medium",'Risk Register'!$E$15="Low"),'Risk Register'!$A$15&" ","")&IF(AND('Risk Register'!$D$16="Medium",'Risk Register'!$E$16="Low"),'Risk Register'!$A$16&" ",""))," ",", ") | C7: =SUBSTITUTE(TRIM(IF(AND('Risk Register'!$D$5="Medium",'Risk Register'!$E$5="Medium"),'Risk Register'!$A$5&" ","")&IF(AND('Risk Register'!$D$6="Medium",'Risk Register'!$E$6="Medium"),'Risk Register'!$A$6&" ","")&IF(AND('Risk Register'!$D$7="Medium",'Risk Register'!$E$7="Medium"),'Risk Register'!$A$7&" ","")&IF(AND('Risk Register'!$D$8="Medium",'Risk Register'!$E$8="Medium"),'Risk Register'!$A$8&" ","")&IF(AND('Risk Register'!$D$9="Medium",'Risk Register'!$E$9="Medium"),'Risk Register'!$A$9&" ","")&IF(AND('Risk Register'!$D$10="Medium",'Risk Register'!$E$10="Medium"),'Risk Register'!$A$10&" ","")&IF(AND('Risk Register'!$D$11="Medium",'Risk Register'!$E$11="Medium"),'Risk Register'!$A$11&" ","")&IF(AND('Risk Register'!$D$12="Medium",'Risk Register'!$E$12="Medium"),'Risk Register'!$A$12&" ","")&IF(AND('Risk Register'!$D$13="Medium",'Risk Register'!$E$13="Medium"),'Risk Register'!$A$13&" ","")&IF(AND('Risk Register'!$D$14="Medium",'Risk Register'!$E$14="Medium"),'Risk Register'!$A$14&" ","")&IF(AND('Risk Register'!$D$15="Medium",'Risk Register'!$E$15="Medium"),'Risk Register'!$A$15&" ","")&IF(AND('Risk Register'!$D$16="Medium",'Risk Register'!$E$16="Medium"),'Risk Register'!$A$16&" ",""))," ",", ") -> R3, R8, R9 | D7: =SUBSTITUTE(TRIM(IF(AND('Risk Register'!$D$5="Medium",'Risk Register'!$E$5="High"),'Risk Register'!$A$5&" ","")&IF(AND('Risk Register'!$D$6="Medium",'Risk Register'!$E$6="High"),'Risk Register'!$A$6&" ","")&IF(AND('Risk Register'!$D$7="Medium",'Risk Register'!$E$7="High"),'Risk Register'!$A$7&" ","")&IF(AND('Risk Register'!$D$8="Medium",'Risk Register'!$E$8="High"),'Risk Register'!$A$8&" ","")&IF(AND('Risk Register'!$D$9="Medium",'Risk Register'!$E$9="High"),'Risk Register'!$A$9&" ","")&IF(AND('Risk Register'!$D$10="Medium",'Risk Register'!$E$10="High"),'Risk Register'!$A$10&" ","")&IF(AND('Risk Register'!$D$11="Medium",'Risk Register'!$E$11="High"),'Risk Register'!$A$11&" ","")&IF(AND('Risk Register'!$D$12="Medium",'Risk Register'!$E$12="High"),'Risk Register'!$A$12&" ","")&IF(AND('Risk Register'!$D$13="Medium",'Risk Register'!$E$13="High"),'Risk Register'!$A$13&" ","")&IF(AND('Risk Register'!$D$14="Medium",'Risk Register'!$E$14="High"),'Risk Register'!$A$14&" ","")&IF(AND('Risk Register'!$D$15="Medium",'Risk Register'!$E$15="High"),'Risk Register'!$A$15&" ","")&IF(AND('Risk Register'!$D$16="Medium",'Risk Register'!$E$16="High"),'Risk Register'!$A$16&" ",""))," ",", ") -> R2, R4, R5, R6
A8: Low | B8: =SUBSTITUTE(TRIM(IF(AND('Risk Register'!$D$5="Low",'Risk Register'!$E$5="Low"),'Risk Register'!$A$5&" ","")&IF(AND('Risk Register'!$D$6="Low",'Risk Register'!$E$6="Low"),'Risk Register'!$A$6&" ","")&IF(AND('Risk Register'!$D$7="Low",'Risk Register'!$E$7="Low"),'Risk Register'!$A$7&" ","")&IF(AND('Risk Register'!$D$8="Low",'Risk Register'!$E$8="Low"),'Risk Register'!$A$8&" ","")&IF(AND('Risk Register'!$D$9="Low",'Risk Register'!$E$9="Low"),'Risk Register'!$A$9&" ","")&IF(AND('Risk Register'!$D$10="Low",'Risk Register'!$E$10="Low"),'Risk Register'!$A$10&" ","")&IF(AND('Risk Register'!$D$11="Low",'Risk Register'!$E$11="Low"),'Risk Register'!$A$11&" ","")&IF(AND('Risk Register'!$D$12="Low",'Risk Register'!$E$12="Low"),'Risk Register'!$A$12&" ","")&IF(AND('Risk Register'!$D$13="Low",'Risk Register'!$E$13="Low"),'Risk Register'!$A$13&" ","")&IF(AND('Risk Register'!$D$14="Low",'Risk Register'!$E$14="Low"),'Risk Register'!$A$14&" ","")&IF(AND('Risk Register'!$D$15="Low",'Risk Register'!$E$15="Low"),'Risk Register'!$A$15&" ","")&IF(AND('Risk Register'!$D$16="Low",'Risk Register'!$E$16="Low"),'Risk Register'!$A$16&" ",""))," ",", ") | C8: =SUBSTITUTE(TRIM(IF(AND('Risk Register'!$D$5="Low",'Risk Register'!$E$5="Medium"),'Risk Register'!$A$5&" ","")&IF(AND('Risk Register'!$D$6="Low",'Risk Register'!$E$6="Medium"),'Risk Register'!$A$6&" ","")&IF(AND('Risk Register'!$D$7="Low",'Risk Register'!$E$7="Medium"),'Risk Register'!$A$7&" ","")&IF(AND('Risk Register'!$D$8="Low",'Risk Register'!$E$8="Medium"),'Risk Register'!$A$8&" ","")&IF(AND('Risk Register'!$D$9="Low",'Risk Register'!$E$9="Medium"),'Risk Register'!$A$9&" ","")&IF(AND('Risk Register'!$D$10="Low",'Risk Register'!$E$10="Medium"),'Risk Register'!$A$10&" ","")&IF(AND('Risk Register'!$D$11="Low",'Risk Register'!$E$11="Medium"),'Risk Register'!$A$11&" ","")&IF(AND('Risk Register'!$D$12="Low",'Risk Register'!$E$12="Medium"),'Risk Register'!$A$12&" ","")&IF(AND('Risk Register'!$D$13="Low",'Risk Register'!$E$13="Medium"),'Risk Register'!$A$13&" ","")&IF(AND('Risk Register'!$D$14="Low",'Risk Register'!$E$14="Medium"),'Risk Register'!$A$14&" ","")&IF(AND('Risk Register'!$D$15="Low",'Risk Register'!$E$15="Medium"),'Risk Register'!$A$15&" ","")&IF(AND('Risk Register'!$D$16="Low",'Risk Register'!$E$16="Medium"),'Risk Register'!$A$16&" ",""))," ",", ") -> R12 | D8: =SUBSTITUTE(TRIM(IF(AND('Risk Register'!$D$5="Low",'Risk Register'!$E$5="High"),'Risk Register'!$A$5&" ","")&IF(AND('Risk Register'!$D$6="Low",'Risk Register'!$E$6="High"),'Risk Register'!$A$6&" ","")&IF(AND('Risk Register'!$D$7="Low",'Risk Register'!$E$7="High"),'Risk Register'!$A$7&" ","")&IF(AND('Risk Register'!$D$8="Low",'Risk Register'!$E$8="High"),'Risk Register'!$A$8&" ","")&IF(AND('Risk Register'!$D$9="Low",'Risk Register'!$E$9="High"),'Risk Register'!$A$9&" ","")&IF(AND('Risk Register'!$D$10="Low",'Risk Register'!$E$10="High"),'Risk Register'!$A$10&" ","")&IF(AND('Risk Register'!$D$11="Low",'Risk Register'!$E$11="High"),'Risk Register'!$A$11&" ","")&IF(AND('Risk Register'!$D$12="Low",'Risk Register'!$E$12="High"),'Risk Register'!$A$12&" ","")&IF(AND('Risk Register'!$D$13="Low",'Risk Register'!$E$13="High"),'Risk Register'!$A$13&" ","")&IF(AND('Risk Register'!$D$14="Low",'Risk Register'!$E$14="High"),'Risk Register'!$A$14&" ","")&IF(AND('Risk Register'!$D$15="Low",'Risk Register'!$E$15="High"),'Risk Register'!$A$15&" ","")&IF(AND('Risk Register'!$D$16="Low",'Risk Register'!$E$16="High"),'Risk Register'!$A$16&" ",""))," ",", ") -> R10, R11
A11: Residual risk (after planned mitigation)
A12: Likelihood \ Impact | B12: Low | C12: Medium | D12: High
A13: High | B13: =SUBSTITUTE(TRIM(IF(AND('Risk Register'!$I$5="High",'Risk Register'!$J$5="Low"),'Risk Register'!$A$5&" ","")&IF(AND('Risk Register'!$I$6="High",'Risk Register'!$J$6="Low"),'Risk Register'!$A$6&" ","")&IF(AND('Risk Register'!$I$7="High",'Risk Register'!$J$7="Low"),'Risk Register'!$A$7&" ","")&IF(AND('Risk Register'!$I$8="High",'Risk Register'!$J$8="Low"),'Risk Register'!$A$8&" ","")&IF(AND('Risk Register'!$I$9="High",'Risk Register'!$J$9="Low"),'Risk Register'!$A$9&" ","")&IF(AND('Risk Register'!$I$10="High",'Risk Register'!$J$10="Low"),'Risk Register'!$A$10&" ","")&IF(AND('Risk Register'!$I$11="High",'Risk Register'!$J$11="Low"),'Risk Register'!$A$11&" ","")&IF(AND('Risk Register'!$I$12="High",'Risk Register'!$J$12="Low"),'Risk Register'!$A$12&" ","")&IF(AND('Risk Register'!$I$13="High",'Risk Register'!$J$13="Low"),'Risk Register'!$A$13&" ","")&IF(AND('Risk Register'!$I$14="High",'Risk Register'!$J$14="Low"),'Risk Register'!$A$14&" ","")&IF(AND('Risk Register'!$I$15="High",'Risk Register'!$J$15="Low"),'Risk Register'!$A$15&" ","")&IF(AND('Risk Register'!$I$16="High",'Risk Register'!$J$16="Low"),'Risk Register'!$A$16&" ",""))," ",", ") | C13: =SUBSTITUTE(TRIM(IF(AND('Risk Register'!$I$5="High",'Risk Register'!$J$5="Medium"),'Risk Register'!$A$5&" ","")&IF(AND('Risk Register'!$I$6="High",'Risk Register'!$J$6="Medium"),'Risk Register'!$A$6&" ","")&IF(AND('Risk Register'!$I$7="High",'Risk Register'!$J$7="Medium"),'Risk Register'!$A$7&" ","")&IF(AND('Risk Register'!$I$8="High",'Risk Register'!$J$8="Medium"),'Risk Register'!$A$8&" ","")&IF(AND('Risk Register'!$I$9="High",'Risk Register'!$J$9="Medium"),'Risk Register'!$A$9&" ","")&IF(AND('Risk Register'!$I$10="High",'Risk Register'!$J$10="Medium"),'Risk Register'!$A$10&" ","")&IF(AND('Risk Register'!$I$11="High",'Risk Register'!$J$11="Medium"),'Risk Register'!$A$11&" ","")&IF(AND('Risk Register'!$I$12="High",'Risk Register'!$J$12="Medium"),'Risk Register'!$A$12&" ","")&IF(AND('Risk Register'!$I$13="High",'Risk Register'!$J$13="Medium"),'Risk Register'!$A$13&" ","")&IF(AND('Risk Register'!$I$14="High",'Risk Register'!$J$14="Medium"),'Risk Register'!$A$14&" ","")&IF(AND('Risk Register'!$I$15="High",'Risk Register'!$J$15="Medium"),'Risk Register'!$A$15&" ","")&IF(AND('Risk Register'!$I$16="High",'Risk Register'!$J$16="Medium"),'Risk Register'!$A$16&" ",""))," ",", ") | D13: =SUBSTITUTE(TRIM(IF(AND('Risk Register'!$I$5="High",'Risk Register'!$J$5="High"),'Risk Register'!$A$5&" ","")&IF(AND('Risk Register'!$I$6="High",'Risk Register'!$J$6="High"),'Risk Register'!$A$6&" ","")&IF(AND('Risk Register'!$I$7="High",'Risk Register'!$J$7="High"),'Risk Register'!$A$7&" ","")&IF(AND('Risk Register'!$I$8="High",'Risk Register'!$J$8="High"),'Risk Register'!$A$8&" ","")&IF(AND('Risk Register'!$I$9="High",'Risk Register'!$J$9="High"),'Risk Register'!$A$9&" ","")&IF(AND('Risk Register'!$I$10="High",'Risk Register'!$J$10="High"),'Risk Register'!$A$10&" ","")&IF(AND('Risk Register'!$I$11="High",'Risk Register'!$J$11="High"),'Risk Register'!$A$11&" ","")&IF(AND('Risk Register'!$I$12="High",'Risk Register'!$J$12="High"),'Risk Register'!$A$12&" ","")&IF(AND('Risk Register'!$I$13="High",'Risk Register'!$J$13="High"),'Risk Register'!$A$13&" ","")&IF(AND('Risk Register'!$I$14="High",'Risk Register'!$J$14="High"),'Risk Register'!$A$14&" ","")&IF(AND('Risk Register'!$I$15="High",'Risk Register'!$J$15="High"),'Risk Register'!$A$15&" ","")&IF(AND('Risk Register'!$I$16="High",'Risk Register'!$J$16="High"),'Risk Register'!$A$16&" ",""))," ",", ")
A14: Medium | B14: =SUBSTITUTE(TRIM(IF(AND('Risk Register'!$I$5="Medium",'Risk Register'!$J$5="Low"),'Risk Register'!$A$5&" ","")&IF(AND('Risk Register'!$I$6="Medium",'Risk Register'!$J$6="Low"),'Risk Register'!$A$6&" ","")&IF(AND('Risk Register'!$I$7="Medium",'Risk Register'!$J$7="Low"),'Risk Register'!$A$7&" ","")&IF(AND('Risk Register'!$I$8="Medium",'Risk Register'!$J$8="Low"),'Risk Register'!$A$8&" ","")&IF(AND('Risk Register'!$I$9="Medium",'Risk Register'!$J$9="Low"),'Risk Register'!$A$9&" ","")&IF(AND('Risk Register'!$I$10="Medium",'Risk Register'!$J$10="Low"),'Risk Register'!$A$10&" ","")&IF(AND('Risk Register'!$I$11="Medium",'Risk Register'!$J$11="Low"),'Risk Register'!$A$11&" ","")&IF(AND('Risk Register'!$I$12="Medium",'Risk Register'!$J$12="Low"),'Risk Register'!$A$12&" ","")&IF(AND('Risk Register'!$I$13="Medium",'Risk Register'!$J$13="Low"),'Risk Register'!$A$13&" ","")&IF(AND('Risk Register'!$I$14="Medium",'Risk Register'!$J$14="Low"),'Risk Register'!$A$14&" ","")&IF(AND('Risk Register'!$I$15="Medium",'Risk Register'!$J$15="Low"),'Risk Register'!$A$15&" ","")&IF(AND('Risk Register'!$I$16="Medium",'Risk Register'!$J$16="Low"),'Risk Register'!$A$16&" ",""))," ",", ") -> R6 | C14: =SUBSTITUTE(TRIM(IF(AND('Risk Register'!$I$5="Medium",'Risk Register'!$J$5="Medium"),'Risk Register'!$A$5&" ","")&IF(AND('Risk Register'!$I$6="Medium",'Risk Register'!$J$6="Medium"),'Risk Register'!$A$6&" ","")&IF(AND('Risk Register'!$I$7="Medium",'Risk Register'!$J$7="Medium"),'Risk Register'!$A$7&" ","")&IF(AND('Risk Register'!$I$8="Medium",'Risk Register'!$J$8="Medium"),'Risk Register'!$A$8&" ","")&IF(AND('Risk Register'!$I$9="Medium",'Risk Register'!$J$9="Medium"),'Risk Register'!$A$9&" ","")&IF(AND('Risk Register'!$I$10="Medium",'Risk Register'!$J$10="Medium"),'Risk Register'!$A$10&" ","")&IF(AND('Risk Register'!$I$11="Medium",'Risk Register'!$J$11="Medium"),'Risk Register'!$A$11&" ","")&IF(AND('Risk Register'!$I$12="Medium",'Risk Register'!$J$12="Medium"),'Risk Register'!$A$12&" ","")&IF(AND('Risk Register'!$I$13="Medium",'Risk Register'!$J$13="Medium"),'Risk Register'!$A$13&" ","")&IF(AND('Risk Register'!$I$14="Medium",'Risk Register'!$J$14="Medium"),'Risk Register'!$A$14&" ","")&IF(AND('Risk Register'!$I$15="Medium",'Risk Register'!$J$15="Medium"),'Risk Register'!$A$15&" ","")&IF(AND('Risk Register'!$I$16="Medium",'Risk Register'!$J$16="Medium"),'Risk Register'!$A$16&" ",""))," ",", ") -> R1 | D14: =SUBSTITUTE(TRIM(IF(AND('Risk Register'!$I$5="Medium",'Risk Register'!$J$5="High"),'Risk Register'!$A$5&" ","")&IF(AND('Risk Register'!$I$6="Medium",'Risk Register'!$J$6="High"),'Risk Register'!$A$6&" ","")&IF(AND('Risk Register'!$I$7="Medium",'Risk Register'!$J$7="High"),'Risk Register'!$A$7&" ","")&IF(AND('Risk Register'!$I$8="Medium",'Risk Register'!$J$8="High"),'Risk Register'!$A$8&" ","")&IF(AND('Risk Register'!$I$9="Medium",'Risk Register'!$J$9="High"),'Risk Register'!$A$9&" ","")&IF(AND('Risk Register'!$I$10="Medium",'Risk Register'!$J$10="High"),'Risk Register'!$A$10&" ","")&IF(AND('Risk Register'!$I$11="Medium",'Risk Register'!$J$11="High"),'Risk Register'!$A$11&" ","")&IF(AND('Risk Register'!$I$12="Medium",'Risk Register'!$J$12="High"),'Risk Register'!$A$12&" ","")&IF(AND('Risk Register'!$I$13="Medium",'Risk Register'!$J$13="High"),'Risk Register'!$A$13&" ","")&IF(AND('Risk Register'!$I$14="Medium",'Risk Register'!$J$14="High"),'Risk Register'!$A$14&" ","")&IF(AND('Risk Register'!$I$15="Medium",'Risk Register'!$J$15="High"),'Risk Register'!$A$15&" ","")&IF(AND('Risk Register'!$I$16="Medium",'Risk Register'!$J$16="High"),'Risk Register'!$A$16&" ",""))," ",", ")
A15: Low | B15: =SUBSTITUTE(TRIM(IF(AND('Risk Register'!$I$5="Low",'Risk Register'!$J$5="Low"),'Risk Register'!$A$5&" ","")&IF(AND('Risk Register'!$I$6="Low",'Risk Register'!$J$6="Low"),'Risk Register'!$A$6&" ","")&IF(AND('Risk Register'!$I$7="Low",'Risk Register'!$J$7="Low"),'Risk Register'!$A$7&" ","")&IF(AND('Risk Register'!$I$8="Low",'Risk Register'!$J$8="Low"),'Risk Register'!$A$8&" ","")&IF(AND('Risk Register'!$I$9="Low",'Risk Register'!$J$9="Low"),'Risk Register'!$A$9&" ","")&IF(AND('Risk Register'!$I$10="Low",'Risk Register'!$J$10="Low"),'Risk Register'!$A$10&" ","")&IF(AND('Risk Register'!$I$11="Low",'Risk Register'!$J$11="Low"),'Risk Register'!$A$11&" ","")&IF(AND('Risk Register'!$I$12="Low",'Risk Register'!$J$12="Low"),'Risk Register'!$A$12&" ","")&IF(AND('Risk Register'!$I$13="Low",'Risk Register'!$J$13="Low"),'Risk Register'!$A$13&" ","")&IF(AND('Risk Register'!$I$14="Low",'Risk Register'!$J$14="Low"),'Risk Register'!$A$14&" ","")&IF(AND('Risk Register'!$I$15="Low",'Risk Register'!$J$15="Low"),'Risk Register'!$A$15&" ","")&IF(AND('Risk Register'!$I$16="Low",'Risk Register'!$J$16="Low"),'Risk Register'!$A$16&" ",""))," ",", ") -> R9, R12 | C15: =SUBSTITUTE(TRIM(IF(AND('Risk Register'!$I$5="Low",'Risk Register'!$J$5="Medium"),'Risk Register'!$A$5&" ","")&IF(AND('Risk Register'!$I$6="Low",'Risk Register'!$J$6="Medium"),'Risk Register'!$A$6&" ","")&IF(AND('Risk Register'!$I$7="Low",'Risk Register'!$J$7="Medium"),'Risk Register'!$A$7&" ","")&IF(AND('Risk Register'!$I$8="Low",'Risk Register'!$J$8="Medium"),'Risk Register'!$A$8&" ","")&IF(AND('Risk Register'!$I$9="Low",'Risk Register'!$J$9="Medium"),'Risk Register'!$A$9&" ","")&IF(AND('Risk Register'!$I$10="Low",'Risk Register'!$J$10="Medium"),'Risk Register'!$A$10&" ","")&IF(AND('Risk Register'!$I$11="Low",'Risk Register'!$J$11="Medium"),'Risk Register'!$A$11&" ","")&IF(AND('Risk Register'!$I$12="Low",'Risk Register'!$J$12="Medium"),'Risk Register'!$A$12&" ","")&IF(AND('Risk Register'!$I$13="Low",'Risk Register'!$J$13="Medium"),'Risk Register'!$A$13&" ","")&IF(AND('Risk Register'!$I$14="Low",'Risk Register'!$J$14="Medium"),'Risk Register'!$A$14&" ","")&IF(AND('Risk Register'!$I$15="Low",'Risk Register'!$J$15="Medium"),'Risk Register'!$A$15&" ","")&IF(AND('Risk Register'!$I$16="Low",'Risk Register'!$J$16="Medium"),'Risk Register'!$A$16&" ",""))," ",", ") -> R3, R4, R5, R7, R8, R10, R11 | D15: =SUBSTITUTE(TRIM(IF(AND('Risk Register'!$I$5="Low",'Risk Register'!$J$5="High"),'Risk Register'!$A$5&" ","")&IF(AND('Risk Register'!$I$6="Low",'Risk Register'!$J$6="High"),'Risk Register'!$A$6&" ","")&IF(AND('Risk Register'!$I$7="Low",'Risk Register'!$J$7="High"),'Risk Register'!$A$7&" ","")&IF(AND('Risk Register'!$I$8="Low",'Risk Register'!$J$8="High"),'Risk Register'!$A$8&" ","")&IF(AND('Risk Register'!$I$9="Low",'Risk Register'!$J$9="High"),'Risk Register'!$A$9&" ","")&IF(AND('Risk Register'!$I$10="Low",'Risk Register'!$J$10="High"),'Risk Register'!$A$10&" ","")&IF(AND('Risk Register'!$I$11="Low",'Risk Register'!$J$11="High"),'Risk Register'!$A$11&" ","")&IF(AND('Risk Register'!$I$12="Low",'Risk Register'!$J$12="High"),'Risk Register'!$A$12&" ","")&IF(AND('Risk Register'!$I$13="Low",'Risk Register'!$J$13="High"),'Risk Register'!$A$13&" ","")&IF(AND('Risk Register'!$I$14="Low",'Risk Register'!$J$14="High"),'Risk Register'!$A$14&" ","")&IF(AND('Risk Register'!$I$15="Low",'Risk Register'!$J$15="High"),'Risk Register'!$A$15&" ","")&IF(AND('Risk Register'!$I$16="Low",'Risk Register'!$J$16="High"),'Risk Register'!$A$16&" ",""))," ",", ") -> R2
A18: Summary: number of risks by rating
A19: Rating | B19: Inherent | C19: Residual
A20: Critical | B20: =COUNTIF('Risk Register'!$G$5:$G$16,A20) -> 1 | C20: =COUNTIF('Risk Register'!$L$5:$L$16,A20) -> 0
A21: High | B21: =COUNTIF('Risk Register'!$G$5:$G$16,A21) -> 5 | C21: =COUNTIF('Risk Register'!$L$5:$L$16,A21) -> 0
A22: Medium | B22: =COUNTIF('Risk Register'!$G$5:$G$16,A22) -> 5 | C22: =COUNTIF('Risk Register'!$L$5:$L$16,A22) -> 2
A23: Low | B23: =COUNTIF('Risk Register'!$G$5:$G$16,A23) -> 1 | C23: =COUNTIF('Risk Register'!$L$5:$L$16,A23) -> 10
A24: Total | B24: =SUM(B20:B23) -> 12 | C24: =SUM(C20:C23) -> 12
